timestamp,slug,status,error
2026-07-18 07:33:26,evolution-engine-v2,fail,Error: SKILL.md 缺少 front matter（首行需为 ---）

[EXIT_CODE:1]

2026-07-18 07:34:49,evolution-engine-v2,fail,{"success": false, "status": 429, "error": "发布频率过高: 请求过于频繁，请稍后再试", "body": {"error": "请求过于频繁，请稍后再试", "code": "RATE_LIMITED"}}

[EXIT_CODE:1]

2026-07-18 07:37:51,memory-distiller-v2,fail,{"success": false, "status": 429, "error": "发布频率过高: 请求过于频繁，请稍后再试", "body": {"error": "请求过于频繁，请稍后再试", "code": "RATE_LIMITED"}}

[EXIT_CODE:1]

2026-07-18 07:40:52,memory-orchestrator-v2,fail,{"success": false, "status": 429, "error": "发布频率过高: 请求过于频繁，请稍后再试", "body": {"error": "请求过于频繁，请稍后再试", "code": "RATE_LIMITED"}}

[EXIT_CODE:1]

